binMeans,propDisengaged
0.045776898914571,0.223529411764706
0.137330696743713,0.107142857142857
0.228884494572855,0.107692307692308
0.320438292401997,0.1
