binMeans,propDisengaged,stdErrorDisengaged
0.0113439943413355,0.153846153846154,0.0250774177908629
0.0370615971883885,0.207920792079208,0.0286243239552021
0.0655212771938373,0.143564356435644,0.0247327639362181
0.113776495937451,0.0972222222222222,0.0202047728333765
0.227134628682102,0.0900473933649289,0.0197531022654683
