disengaged,diffs,binMeans,eventpos
0,0.229775940951582,0.263448040878766,1
1,0.110931792881073,0.12875841509165,2
1,0.325981940743534,0.311551040774742,1
1,0.229775940951582,0.263448040878766,1
